0;_go_mx_managers_SystemManager
3;__brokenImage
8;CloseButtonDown
9;CloseButtonUp
12;CloseButtonOver
13;CloseButtonDisabled
17;mx.skins.cursor.DragCopy
18;mx.skins.cursor.DragMove
20;mx.skins.cursor.DragLink
23;mx.skins.cursor.DragReject
25;mx.skins.cursor.BusyCursor
27;MenuBranchEnabled
29;MenuSeparator
31;MenuRadioDisabled
33;MenuCheckDisabled
35;MenuRadioEnabled
37;MenuBranchDisabled
39;MenuCheckEnabled
41;down_arrow
43;up_arrow
45;PanSymbol
47;CutSymbol
49;ZoomSymbol
51;S_Symbol
53;NE_Symbol
55;E_Symbol
57;SE_Symbol
59;ResizeSymbol
61;BoomSymbol
63;CloudSymbol
65;CloudTailSymbol
68;HeartSymbol
71;Grayscale
73;HoveringSymbol
75;UpsidedownSymbol
76;Sepia
80;FadeinSymbol
82;FadeoutSymbol
84;EarthquakeSymbol
86;FireworkSymbol
92;DoubleredalertSymbol
94;BumpyrideSymbol
97;myDot
105;myBeam
97;anifire.effect.FireSpring__effectGraphic
106;anifire.component.timeFrameSynchronizer__embed_mxml_timeFrameSynchronizer_24_swf_1702506550
55;anifire.timeline.SceneContainer_E_Symbol
75;anifire.effect.UpsideDownEffect__myThumbnailSymbol
108;anifire.components.studio.BubbleMsgItemRenderer__embed_mxml__________styles_images_bunny_ico_bubble_png_1246886255
109;anifire.components.studio.MaskImage__embed_mxml__________styles_body_swf_1523280369_dataClass
61;anifire.bubble.BoomBubble_boomSymbol
49;anifire.effect.ZoomEffect__myThumbnailSymbol
111;anifire.components.containers.AssetPurchaseWindow_BuyBucksIcon_dataClass
106;anifire.components.containers.ThumbnailCanvas_PremiumIconB
112;anifire.playerEffect.DRAlertEffectAsset_RedShaderClass
113;anifire.components.studio.TopButtonBar_iconIdeas_dataClass
114;anifire.constant.SlideShowEmbedConstant_HORIZONTAL_PHOTO_FRAME_BYTES
59;anifire.control.Control_controlSymbol
51;anifire.control.Control_S_Symbol
37;_MenuStyle__embed_css_Assets_swf_MenuBranchDisabled_493104267
35;_MenuStyle__embed_css_Assets_swf_MenuRadioEnabled_1779161853
115;anifire.components.containers.ThumbnailCanvas_PremiumIcon_dataClass
106;anifire.components.studio.TopButtonBar_iconMore
116;go__trebuchetMSBold
82;anifire.effect.FadingEffect__myThumbnailSymbol_out
23;_DragManagerStyle__embed_css_Assets_swf_mx_skins_cursor_DragReject_1880598280
71;anifire.effect.GrayScaleEffect__myThumbnailSymbol
119;anifire.components.studio.TopButtonBar_iconMore_dataClass
25;_CursorManagerStyle__embed_css_Assets_swf_mx_skins_cursor_BusyCursor_876215492
17;_DragManagerStyle__embed_css_Assets_swf_mx_skins_cursor_DragCopy_657912894
120;anifire.component.CustomCharacterMaker_GoColorMapShaderClass
12;_TitleWindowStyle__embed_css_Assets_swf_CloseButtonOver_1907217654
122;anifire.timeline.SceneElement_ArrowIcon
53;anifire.control.Control_NE_Symbol
123;anifire.components.containers.SoundTileCell__embed_mxml__________styles_note_music_swf_1053227495_dataClass
124;anifire.components.studio.PublishPanel_logo
125;anifire.constant.ThemeEmbedConstant_DEFAULT_VIDEO_THUMBNAIL_dataClass
126;anifire.component.timeFrameSynchronizer__embed_mxml_timeFrameSynchronizer_24_swf_1702506550_dataClass
43;flexlib.controls.ScrollableArrowMenu_DEFAULT_UP_BUTTON
45;anifire.effect.ZoomEffect__myThumbnailSymbol_pan
122;anifire.timeline.SoundContainer_ArrowIcon
129;anifire.components.studio.MaskImage__embed_mxml__________styles_hand_swf_1752417847_dataClass
106;anifire.constant.ThemeEmbedConstant_DEFAULT_EFFECT_THUMBNAIL
39;_MenuStyle__embed_css_Assets_swf_MenuCheckEnabled_369819360
94;anifire.effect.BumpyrideEffect__myThumbnailSymbol
106;anifire.components.containers.SoundTileCell__embed_mxml__________styles_note_music_swf_1053227495
131;anifire.playerEffect.SepiaEffectAsset_SepiaShaderClass
106;anifire.components.studio.MaskImage__embed_mxml__________styles_hand_swf_1752417847
57;anifire.control.Control_SE_Symbol
106;anifire.components.containers.ThumbnailCanvas_PremiumIcon
106;anifire.components.containers.ThumbnailCanvas_SmallBuyPointsIcon
133;anifire.playerEffect.GrayScaleEffectAsset_GrayScaleShaderClass
84;anifire.effect.EarthquakeEffect__myThumbnailSymbol
47;anifire.effect.ZoomEffect__myThumbnailSymbol_cut
136;anifire.components.containers.ThumbnailCanvas_BuyPointsIcon_dataClass
106;anifire.components.studio.MaskImage__embed_mxml__________styles_body_swf_1523280369
107;anifire.constant.ThemeEmbedConstant_DEFAULT_EFFECT_THUMBNAIL_dataClass
106;anifire.components.studio.TopButtonBar_iconScreenshot
86;anifire.effect.FireSpringEffect__myThumbnailSymbol
106;anifire.components.studio.TopButtonBar_iconNewMovie
110;anifire.components.containers.ThumbnailCanvas_BuyBucksIcon_dataClass
106;anifire.components.containers.ThumbnailCanvas_BuyPointsIcon
8;_TitleWindowStyle__embed_css_Assets_swf_CloseButtonDown_2077549540
106;anifire.constant.ThemeEmbedConstant_DEFAULT_LOADING_THUMBNAIL
3;_SWFLoaderStyle__embed_css_Assets_swf___brokenImage_259424322
106;anifire.constant.ThemeEmbedConstant_DEFAULT_VIDEO_THUMBNAIL
106;anifire.components.studio.TopButtonBar_iconIdeas
33;_MenuStyle__embed_css_Assets_swf_MenuCheckDisabled_199808381
117;anifire.components.containers.ThumbnailCanvas_SmallBuyPointsIcon_dataClass
76;anifire.effect.SepiaEffect__myThumbnailSymbol
86;anifire.effect.FireworkEffect__myThumbnailSymbol
55;anifire.timeline.SoundContainer_E_Symbol
118;anifire.components.studio.MaskImage_customCursor_dataClass
73;anifire.effect.HoveringEffect__myThumbnailSymbol
55;anifire.control.Control_E_Symbol
106;anifire.components.containers.ThumbnailCanvas_BuyBucksIcon
65;anifire.bubble.CloudBubble_cloudTailSymbol
29;_MenuStyle__embed_css_Assets_swf_MenuSeparator_1398512322
13;_TitleWindowStyle__embed_css_Assets_swf_CloseButtonDisabled_2139910946
41;flexlib.controls.ScrollableArrowMenu_DEFAULT_DOWN_BUTTON
121;anifire.components.studio.TopButtonBar_iconScreenshot_dataClass
31;_MenuStyle__embed_css_Assets_swf_MenuRadioDisabled_938260160
27;_MenuStyle__embed_css_Assets_swf_MenuBranchEnabled_1999998216
127;go__trebuchetMS
92;anifire.effect.DRAlertEffect__myThumbnailSymbol
128;anifire.core.AnimatedMask_myCircleFadeOut
18;_DragManagerStyle__embed_css_Assets_swf_mx_skins_cursor_DragMove_657615002
106;anifire.components.studio.MaskImage_customCursor
130;anifire.components.containers.ThumbnailCanvas_PremiumIconB_dataClass
105;anifire.effect.Firework__effectObject
63;anifire.bubble.CloudBubble_cloudSymbol
106;anifire.components.containers.AssetPurchaseWindow_BuyBucksIcon
68;anifire.bubble.HeartBubble_heartSymbol
80;anifire.effect.FadingEffect__myThumbnailSymbol_in
132;anifire.components.studio.TopButtonBar_iconNewMovie_dataClass
9;_TitleWindowStyle__embed_css_Assets_swf_CloseButtonUp_831584381
134;anifire.constant.ThemeEmbedConstant_DEFAULT_LOADING_THUMBNAIL_dataClass
20;_DragManagerStyle__embed_css_Assets_swf_mx_skins_cursor_DragLink_657650851
135;anifire.components.studio.BubbleMsgItemRenderer__embed_mxml__________styles_images_bunny_ico_bubble_note_png_1158740495
55;anifire.timeline.SceneElement_E_Symbol
